<?xml version="1.0" encoding="UTF-8"?>
<faces-config
    xmlns="http://java.sun.com/xml/ns/javaee"
    xmlns:xsi="http://www.w3.org/2001/XMLSchema-instance"
    xsi:schemaLocation="http://java.sun.com/xml/ns/javaee http://java.sun.com/xml/ns/javaee/web-facesconfig_2_0.xsd"
    version="2.0">

	<application>
		<message-bundle>i18nFaces</message-bundle>
	</application>
	<lifecycle>
		<phase-listener>com.liferay.faces.util.lifecycle.DebugPhaseListener</phase-listener>
		<phase-listener>com.liferay.faces.util.lifecycle.ViewScopePhaseListener</phase-listener>
	</lifecycle>
	<navigation-rule>
		<from-view-id>/views/docUpload.xhtml</from-view-id>
		<navigation-case>
			<from-outcome>cancel</from-outcome>
			<to-view-id>/views/docLib.xhtml</to-view-id>
			<redirect />
		</navigation-case>
		<navigation-case>
			<from-outcome>success</from-outcome>
			<to-view-id>/views/docLib.xhtml</to-view-id>
			<redirect />
		</navigation-case>
	</navigation-rule>
</faces-config>
